TestID,Runids,Domain,ApplicationName,BusinessUnit

58,422,Domain1,Partner Tax survey,US_Partner
38,227,Domain3,Hotelling,US_Space Management
38,153,Domain3,Hotelling,US_Space Management
38,150,Domain3,Hotelling,US_Space Management
38,146,Domain3,Hotelling,US_Space Management
38,145,Domain3,Hotelling,US_Space Management
38,144,Domain3,Hotelling,US_Space Management
38,121,Domain3,Hotelling,US_Space Management
38,120,Domain3,Hotelling,US_Space Management
38,119,Domain3,Hotelling,US_Space Management
38,106,Domain3,Hotelling,US_Space Management
38,105,Domain3,Hotelling,US_Space Management
38,104,Domain3,Hotelling,US_Space Management
